[
null,
{"id":1,"animationId":41,"consumable":false,"damage":{"critical":false,"elementId":0,"formula":"0","type":0,"variance":20},"description":"A mixture of potent medicinal herbs.","effects":[],"hitType":0,"iconIndex":176,"itypeId":1,"name":"Herbs","note":"","occasion":0,"price":50,"repeats":1,"scope":0,"speed":0,"successRate":100,"tpGain":0},
{"id":2,"animationId":0,"consumable":true,"damage":{"critical":false,"elementId":0,"formula":"0","type":0,"variance":20},"description":"Clothes which won't get ruined if I go for a dip.","effects":[],"hitType":0,"iconIndex":0,"itypeId":1,"name":"Waterproof clothing","note":"","occasion":0,"price":0,"repeats":1,"scope":7,"speed":0,"successRate":100,"tpGain":0},
{"id":3,"animationId":0,"consumable":false,"damage":{"critical":false,"elementId":0,"formula":"0","type":0,"variance":20},"description":"A notebook where I store my thoughts and schedule my\ntime.","effects":[{"code":44,"dataId":4,"value1":1,"value2":0}],"hitType":0,"iconIndex":231,"itypeId":1,"name":"Notebook","note":"","occasion":0,"price":0,"repeats":1,"scope":0,"speed":0,"successRate":100,"tpGain":0},
{"id":4,"animationId":0,"consumable":false,"damage":{"critical":false,"elementId":0,"formula":"0","type":0,"variance":20},"description":"A tool used for grounding and combining a range\nof ingredients.","effects":[{"code":44,"dataId":5,"value1":1,"value2":0}],"hitType":0,"iconIndex":113,"itypeId":1,"name":"Mortar & Pestle","note":"","occasion":0,"price":0,"repeats":1,"scope":0,"speed":0,"successRate":100,"tpGain":0},
{"id":5,"animationId":0,"consumable":false,"damage":{"critical":false,"elementId":0,"formula":"0","type":0,"variance":20},"description":"A herb mixture which can act as an anesthetic.","effects":[],"hitType":0,"iconIndex":273,"itypeId":1,"name":"Medicinal Herbs","note":"","occasion":0,"price":0,"repeats":1,"scope":0,"speed":0,"successRate":100,"tpGain":0},
{"id":6,"animationId":0,"consumable":false,"damage":{"critical":false,"elementId":0,"formula":"0","type":0,"variance":20},"description":"A crude wooden mask, with the face of a generic demonic\ncreature adorning it's front.","effects":[{"code":44,"dataId":8,"value1":1,"value2":0}],"hitType":0,"iconIndex":288,"itypeId":1,"name":"Mask","note":"","occasion":0,"price":0,"repeats":1,"scope":0,"speed":0,"successRate":100,"tpGain":0},
{"id":7,"animationId":0,"consumable":false,"damage":{"critical":false,"elementId":0,"formula":"0","type":0,"variance":20},"description":"A well-used teapot, lacking any ornate designs.","effects":[{"code":44,"dataId":6,"value1":1,"value2":0}],"hitType":0,"iconIndex":180,"itypeId":1,"name":"Teapot","note":"","occasion":0,"price":0,"repeats":1,"scope":0,"speed":0,"successRate":100,"tpGain":0},
{"id":8,"animationId":0,"consumable":true,"damage":{"critical":false,"elementId":0,"formula":"0","type":0,"variance":20},"description":"A normal brew with something a little extra.","effects":[],"hitType":0,"iconIndex":177,"itypeId":1,"name":"Teapot w/ Medicine","note":"","occasion":0,"price":0,"repeats":1,"scope":7,"speed":0,"successRate":100,"tpGain":0},
{"id":9,"animationId":0,"consumable":false,"damage":{"critical":false,"elementId":0,"formula":"0","type":0,"variance":20},"description":"A beautiful handcrafted katana commisioned by Prince \nJuno.","effects":[{"code":44,"dataId":9,"value1":1,"value2":0}],"hitType":0,"iconIndex":97,"itypeId":1,"name":"Katana","note":"","occasion":0,"price":0,"repeats":1,"scope":0,"speed":0,"successRate":100,"tpGain":0},
{"id":10,"animationId":0,"consumable":true,"damage":{"critical":false,"elementId":0,"formula":"0","type":0,"variance":20},"description":"","effects":[],"hitType":0,"iconIndex":106,"itypeId":1,"name":"put mask action","note":"","occasion":0,"price":0,"repeats":1,"scope":7,"speed":0,"successRate":100,"tpGain":0},
{"id":11,"animationId":0,"consumable":true,"damage":{"critical":false,"elementId":0,"formula":"0","type":0,"variance":20},"description":"A beautiful-and expensive looking-bracelet.","effects":[],"hitType":0,"iconIndex":144,"itypeId":1,"name":"Bracelet","note":"","occasion":0,"price":0,"repeats":1,"scope":7,"speed":0,"successRate":100,"tpGain":0}
]