[
null,
{"id":1,"list":[{"code":111,"indent":0,"parameters":[1,16,0,0,2]},{"code":230,"indent":1,"parameters":[50]},{"code":353,"indent":1,"parameters":[]},{"code":0,"indent":1,"parameters":[]},{"code":412,"indent":0,"parameters":[]},{"code":0,"indent":0,"parameters":[]}],"name":"Game over(suspect value)","switchId":3,"trigger":2},
{"id":2,"list":[{"code":122,"indent":0,"parameters":[16,16,0,0,10]},{"code":0,"indent":0,"parameters":[]}],"name":"SuspectBar","switchId":11,"trigger":2},
{"id":3,"list":[{"code":0,"indent":0,"parameters":[]}],"name":"","switchId":1,"trigger":0},
{"id":4,"list":[{"code":356,"indent":0,"parameters":["Quest Open"]},{"code":0,"indent":0,"parameters":[]}],"name":"quest open","switchId":10,"trigger":0},
{"id":5,"list":[{"code":111,"indent":0,"parameters":[1,1,0,1,0]},{"code":101,"indent":1,"parameters":["",0,0,2]},{"code":401,"indent":1,"parameters":["You put the herbs in the Mortar and begin grinding it"]},{"code":401,"indent":1,"parameters":["down..."]},{"code":101,"indent":1,"parameters":["",0,0,2]},{"code":401,"indent":1,"parameters":["Eureka! You've now obtained some lovely, useable \\c[4]herbal"]},{"code":401,"indent":1,"parameters":["medicine\\c[0]!"]},{"code":122,"indent":1,"parameters":[10,10,1,0,1]},{"code":126,"indent":1,"parameters":[4,1,0,1]},{"code":126,"indent":1,"parameters":[1,1,0,1]},{"code":121,"indent":1,"parameters":[9,9,0]},{"code":356,"indent":1,"parameters":["Quest Complete 4"]},{"code":0,"indent":1,"parameters":[]},{"code":412,"indent":0,"parameters":[]},{"code":111,"indent":0,"parameters":[1,1,0,0,0]},{"code":101,"indent":1,"parameters":["Actor1",0,0,2]},{"code":401,"indent":1,"parameters":["I can't use this if I don't have \\c[4]something"]},{"code":401,"indent":1,"parameters":["to mix\\c[0]..."]},{"code":0,"indent":1,"parameters":[]},{"code":412,"indent":0,"parameters":[]},{"code":121,"indent":0,"parameters":[10,10,0]},{"code":0,"indent":0,"parameters":[]}],"name":"Mix herbs","switchId":1,"trigger":0},
{"id":6,"list":[{"code":111,"indent":0,"parameters":[0,9,0]},{"code":101,"indent":1,"parameters":["",0,0,2]},{"code":401,"indent":1,"parameters":["Carefully, you sprinkle the \\c[4]medicinal powder\\c[0] into the"]},{"code":401,"indent":1,"parameters":["brew, careful to not overly affect its taste, lest that"]},{"code":401,"indent":1,"parameters":["alert its intended victims."]},{"code":101,"indent":1,"parameters":["",0,0,2]},{"code":401,"indent":1,"parameters":["You have now gained a \\c[4]Teapot with Medicine"]},{"code":122,"indent":1,"parameters":[27,27,0,0,1]},{"code":126,"indent":1,"parameters":[7,1,0,1]},{"code":126,"indent":1,"parameters":[5,1,0,1]},{"code":121,"indent":1,"parameters":[27,27,0]},{"code":356,"indent":1,"parameters":["Quest complete 7"]},{"code":356,"indent":1,"parameters":["Quest add 8"]},{"code":0,"indent":1,"parameters":[]},{"code":411,"indent":0,"parameters":[]},{"code":101,"indent":1,"parameters":["",0,0,2]},{"code":401,"indent":1,"parameters":["\\n<Aoba>I still need the medicine to put in it..."]},{"code":0,"indent":1,"parameters":[]},{"code":412,"indent":0,"parameters":[]},{"code":0,"indent":0,"parameters":[]}],"name":"put powder on the teapot","switchId":1,"trigger":0},
{"id":7,"list":[{"code":356,"indent":0,"parameters":["CreateInfoWindow 10"]},{"code":121,"indent":0,"parameters":[25,25,1]},{"code":0,"indent":0,"parameters":[]}],"name":"after find mask","switchId":25,"trigger":1},
{"id":8,"list":[{"code":111,"indent":0,"parameters":[0,30,0]},{"code":121,"indent":1,"parameters":[29,29,0]},{"code":122,"indent":1,"parameters":[29,29,1,0,1]},{"code":126,"indent":1,"parameters":[6,1,0,1]},{"code":0,"indent":1,"parameters":[]},{"code":412,"indent":0,"parameters":[]},{"code":0,"indent":0,"parameters":[]}],"name":"put the mask on the bedroom","switchId":1,"trigger":0},
{"id":9,"list":[{"code":111,"indent":0,"parameters":[0,33,0]},{"code":121,"indent":1,"parameters":[31,31,0]},{"code":121,"indent":1,"parameters":[33,33,1]},{"code":122,"indent":1,"parameters":[30,30,1,0,1]},{"code":201,"indent":1,"parameters":[0,2,16,9,0,0]},{"code":0,"indent":1,"parameters":[]},{"code":412,"indent":0,"parameters":[]},{"code":0,"indent":0,"parameters":[]}],"name":"put katana behind the body","switchId":1,"trigger":0},
{"id":10,"list":[{"code":0,"indent":0,"parameters":[]}],"name":"guard disappear","switchId":1,"trigger":0},
{"id":11,"list":[{"code":0,"indent":0,"parameters":[]}],"name":"","switchId":1,"trigger":0},
{"id":12,"list":[{"code":0,"indent":0,"parameters":[]}],"name":"","switchId":1,"trigger":0}
]