[
null,
{"id":1,"expanded":true,"name":"A","order":1,"parentId":0,"scrollX":868,"scrollY":521.3333333333334},
{"id":2,"expanded":true,"name":"B","order":2,"parentId":1,"scrollX":868,"scrollY":510.6666666666667},
{"id":3,"expanded":true,"name":"C","order":3,"parentId":2,"scrollX":868,"scrollY":521.3333333333334},
{"id":4,"expanded":true,"name":"living room","order":4,"parentId":1,"scrollX":868,"scrollY":534.6666666666666},
{"id":5,"expanded":true,"name":"bedroom","order":5,"parentId":4,"scrollX":878.6666666666666,"scrollY":521.3333333333334},
{"id":6,"expanded":true,"name":"2DisplayIntro","order":8,"parentId":7,"scrollX":878.6666666666666,"scrollY":521.3333333333334},
{"id":7,"expanded":false,"name":"1TextIntro","order":7,"parentId":0,"scrollX":878.6666666666666,"scrollY":521.3333333333334},
{"id":8,"expanded":false,"name":"GuardsSleeping","order":6,"parentId":5,"scrollX":878.6666666666666,"scrollY":521.3333333333334}
]