[
null,
{"id":1,"list":[{"code":111,"indent":0,"parameters":[1,3,0,2,1]},{"code":101,"indent":1,"parameters":["Actor1",4,0,2]},{"code":401,"indent":1,"parameters":["Hey, your acting mighty suspicious..."]},{"code":401,"indent":1,"parameters":["Come with me! I need to introduce you to "]},{"code":401,"indent":1,"parameters":["someone."]},{"code":353,"indent":1,"parameters":[]},{"code":0,"indent":1,"parameters":[]},{"code":412,"indent":0,"parameters":[]},{"code":0,"indent":0,"parameters":[]}],"name":"Game over(suspect value)","switchId":3,"trigger":2},
{"id":2,"list":[{"code":0,"indent":0,"parameters":[]}],"name":"","switchId":1,"trigger":0},
{"id":3,"list":[{"code":0,"indent":0,"parameters":[]}],"name":"","switchId":1,"trigger":0},
{"id":4,"list":[{"code":356,"indent":0,"parameters":["Quest Open"]},{"code":0,"indent":0,"parameters":[]}],"name":"quest open","switchId":10,"trigger":0},
{"id":5,"list":[{"code":111,"indent":0,"parameters":[1,1,0,1,0]},{"code":101,"indent":1,"parameters":["",0,0,2]},{"code":401,"indent":1,"parameters":["You put the herbs in the Mortar and begin grinding it"]},{"code":401,"indent":1,"parameters":["down..."]},{"code":101,"indent":1,"parameters":["",0,0,2]},{"code":401,"indent":1,"parameters":["Eureka! You've now obtained some lovely, useable herbal"]},{"code":401,"indent":1,"parameters":["medicine!"]},{"code":122,"indent":1,"parameters":[10,10,1,0,1]},{"code":126,"indent":1,"parameters":[1,1,0,1]},{"code":121,"indent":1,"parameters":[9,9,0]},{"code":356,"indent":1,"parameters":["Quest Complete 4"]},{"code":0,"indent":1,"parameters":[]},{"code":412,"indent":0,"parameters":[]},{"code":111,"indent":0,"parameters":[1,1,0,0,0]},{"code":101,"indent":1,"parameters":["Actor1",0,0,2]},{"code":401,"indent":1,"parameters":["I can't use this if I don't have something"]},{"code":401,"indent":1,"parameters":["to mix..."]},{"code":0,"indent":1,"parameters":[]},{"code":412,"indent":0,"parameters":[]},{"code":121,"indent":0,"parameters":[10,10,0]},{"code":0,"indent":0,"parameters":[]}],"name":"Mix herbs","switchId":1,"trigger":0},
{"id":6,"list":[{"code":101,"indent":0,"parameters":["Actor1",0,0,2]},{"code":401,"indent":0,"parameters":["If they haven't found the mask yet... "]},{"code":401,"indent":0,"parameters":["It must be in the lake! The last place they"]},{"code":401,"indent":0,"parameters":["would look..."]},{"code":356,"indent":0,"parameters":["Quest Add 5"]},{"code":356,"indent":0,"parameters":["CreateInfoWindow 8"]},{"code":121,"indent":0,"parameters":[10,10,1]},{"code":0,"indent":0,"parameters":[]}],"name":"new notice for mask/","switchId":10,"trigger":2},
{"id":7,"list":[{"code":356,"indent":0,"parameters":["Timing_now TIMELEFT 900 0 12"]},{"code":0,"indent":0,"parameters":[]}],"name":"timer","switchId":11,"trigger":2},
{"id":8,"list":[{"code":101,"indent":0,"parameters":["",0,0,2]},{"code":401,"indent":0,"parameters":["GAME OVER"]},{"code":353,"indent":0,"parameters":[]},{"code":0,"indent":0,"parameters":[]}],"name":"TIME OVER","switchId":12,"trigger":2},
{"id":9,"list":[{"code":356,"indent":0,"parameters":["Timing_now GuradonB 120 0 15"]},{"code":0,"indent":0,"parameters":[]}],"name":"guard In B TIME","switchId":14,"trigger":0},
{"id":10,"list":[{"code":0,"indent":0,"parameters":[]}],"name":"guard disappear","switchId":1,"trigger":0},
{"id":11,"list":[{"code":356,"indent":0,"parameters":["Timing_now GuradonA 120 0 17"]},{"code":0,"indent":0,"parameters":[]}],"name":"guard In A TIME","switchId":1,"trigger":0},
{"id":12,"list":[{"code":356,"indent":0,"parameters":["Timing_now GuradonC 120 0 19"]},{"code":0,"indent":0,"parameters":[]}],"name":"Guard In c Time","switchId":1,"trigger":0}
]