[["First off...","to do list"],{"id":1,"icon":290,"cat":0,"name":"Asking Around","desc":"You successfully murdered the king, but you weren't able to get away, and now you're one of three suspects. Right now, your main goal is figuring out a way that you won't get caught. Maybe asking around can net you some leads?","steps":[],"rewards":[]},{"id":2,"icon":87,"name":"Find the herbs","steps":[["Find out more about where the herb is located",true,8,1,false],["Retrieve the herb",true,1,1,false]],"rewards":[],"cat":1,"desc":"Somewhere in this yard there are some mdeicinal herbs which could prove very useful to your whole \"not-getting-caught\" plan, and you need to find them."},{"id":3,"icon":87,"name":"Find a Mortar & Pestle","steps":[["Ask around for more information",true,9,1,false],["Locate the Mortar & Pestle",true,6,1,false]],"rewards":[],"cat":1,"desc":"You need something to grind up these herbs if you want them to be of any use."},{"id":4,"icon":87,"name":"Grind up the Herbs","steps":[["Successfully mixed",true,10,1,false]],"rewards":[["item",5,1,false]],"cat":1,"desc":"Use the Mortar And Pestle to grind up the herbs! (This can be accomplished by selecting th Mortar & Pestle in the inventory menu)"},{"id":5,"icon":231,"name":"The next step","steps":[],"rewards":[],"cat":0,"desc":"Now that you've produced your \"special\" medicine, you've just remembered the location of a key piece of evidence: the mask you hid your identity with resting in the lake..."}]